{"mean":{"confidence_interval":{"confidence_level":0.95,"lower_bound":3752.8748363286095,"upper_bound":3838.693382677847},"point_estimate":3791.9458732788316,"standard_error":22.03245343050064},"median":{"confidence_interval":{"confidence_level":0.95,"lower_bound":3709.824310063922,"upper_bound":3727.3496240601503},"point_estimate":3719.31803701063,"standard_error":3.8578970172474656},"median_abs_dev":{"confidence_interval":{"confidence_level":0.95,"lower_bound":22.54812826409171,"upper_bound":43.8359210897449},"point_estimate":32.2748604371973,"standard_error":5.648253386596984},"slope":{"confidence_interval":{"confidence_level":0.95,"lower_bound":3807.8260443095105,"upper_bound":3971.803238617357},"point_estimate":3885.550660647481,"standard_error":42.00821365777601},"std_dev":{"confidence_interval":{"confidence_level":0.95,"lower_bound":123.30989691788284,"upper_bound":304.97523039514357},"point_estimate":221.75998686903304,"standard_error":46.589532690347575}}